id,link,isused
1,https://wxe4c2ee8dc4bf69ec.h5.xiaoe-tech.com/giftcode/6537579976040447,no
2,https://wxe4c2ee8dc4bf69ec.h5.xiaoe-tech.com/giftcode/0587481719444141,no
3,https://wxe4c2ee8dc4bf69ec.h5.xiaoe-tech.com/giftcode/6892582252667137,no
4,https://wxe4c2ee8dc4bf69ec.h5.xiaoe-tech.com/giftcode/7151968163514031,no
5,https://wxe4c2ee8dc4bf69ec.h5.xiaoe-tech.com/giftcode/9244167694266643,no
6,https://wxe4c2ee8dc4bf69ec.h5.xiaoe-tech.com/giftcode/8948639365515835,no
7,https://wxe4c2ee8dc4bf69ec.h5.xiaoe-tech.com/giftcode/0701477320996425,no
8,https://wxe4c2ee8dc4bf69ec.h5.xiaoe-tech.com/giftcode/3730124889947397,no
9,https://wxe4c2ee8dc4bf69ec.h5.xiaoe-tech.com/giftcode/1995778078942196,no
10,https://wxe4c2ee8dc4bf69ec.h5.xiaoe-tech.com/giftcode/9360608498872743,no
11,https://wxe4c2ee8dc4bf69ec.h5.xiaoe-tech.com/giftcode/7484174964386345,no
12,https://wxe4c2ee8dc4bf69ec.h5.xiaoe-tech.com/giftcode/6162246235953480,no
13,https://wxe4c2ee8dc4bf69ec.h5.xiaoe-tech.com/giftcode/9750509142006552,no
14,https://wxe4c2ee8dc4bf69ec.h5.xiaoe-tech.com/giftcode/6159612072507406,no
15,https://wxe4c2ee8dc4bf69ec.h5.xiaoe-tech.com/giftcode/2567659089044671,no
16,https://wxe4c2ee8dc4bf69ec.h5.xiaoe-tech.com/giftcode/8214434150125287,no
17,https://wxe4c2ee8dc4bf69ec.h5.xiaoe-tech.com/giftcode/8554144945481200,no
18,https://wxe4c2ee8dc4bf69ec.h5.xiaoe-tech.com/giftcode/5150401003356235,no
19,https://wxe4c2ee8dc4bf69ec.h5.xiaoe-tech.com/giftcode/7898348803726721,no
20,https://wxe4c2ee8dc4bf69ec.h5.xiaoe-tech.com/giftcode/8713733877449796,no
21,https://wxe4c2ee8dc4bf69ec.h5.xiaoe-tech.com/giftcode/6950448475642861,no
22,https://wxe4c2ee8dc4bf69ec.h5.xiaoe-tech.com/giftcode/6854192967454411,no
23,https://wxe4c2ee8dc4bf69ec.h5.xiaoe-tech.com/giftcode/3717101958387903,no
24,https://wxe4c2ee8dc4bf69ec.h5.xiaoe-tech.com/giftcode/7589409084628741,no
25,https://wxe4c2ee8dc4bf69ec.h5.xiaoe-tech.com/giftcode/5696606180069097,no
26,https://wxe4c2ee8dc4bf69ec.h5.xiaoe-tech.com/giftcode/6771871617995411,no
27,https://wxe4c2ee8dc4bf69ec.h5.xiaoe-tech.com/giftcode/0086048949549516,no
28,https://wxe4c2ee8dc4bf69ec.h5.xiaoe-tech.com/giftcode/3972698778632843,no
29,https://wxe4c2ee8dc4bf69ec.h5.xiaoe-tech.com/giftcode/8299688174570733,no
30,https://wxe4c2ee8dc4bf69ec.h5.xiaoe-tech.com/giftcode/6052940737065493,no
31,https://wxe4c2ee8dc4bf69ec.h5.xiaoe-tech.com/giftcode/6923714460177404,no
32,https://wxe4c2ee8dc4bf69ec.h5.xiaoe-tech.com/giftcode/5665172542197134,no
33,https://wxe4c2ee8dc4bf69ec.h5.xiaoe-tech.com/giftcode/0677822533208344,no
34,https://wxe4c2ee8dc4bf69ec.h5.xiaoe-tech.com/giftcode/0101827359330671,no
35,https://wxe4c2ee8dc4bf69ec.h5.xiaoe-tech.com/giftcode/3591817159142682,no
36,https://wxe4c2ee8dc4bf69ec.h5.xiaoe-tech.com/giftcode/7846119713010833,no
37,https://wxe4c2ee8dc4bf69ec.h5.xiaoe-tech.com/giftcode/3251422924440278,no
38,https://wxe4c2ee8dc4bf69ec.h5.xiaoe-tech.com/giftcode/1153351582780024,no
39,https://wxe4c2ee8dc4bf69ec.h5.xiaoe-tech.com/giftcode/2857187331834626,no
40,https://wxe4c2ee8dc4bf69ec.h5.xiaoe-tech.com/giftcode/8792307124034377,no
41,https://wxe4c2ee8dc4bf69ec.h5.xiaoe-tech.com/giftcode/1343117436872030,no
42,https://wxe4c2ee8dc4bf69ec.h5.xiaoe-tech.com/giftcode/8321393633087758,no
43,https://wxe4c2ee8dc4bf69ec.h5.xiaoe-tech.com/giftcode/0021296554385684,no
44,https://wxe4c2ee8dc4bf69ec.h5.xiaoe-tech.com/giftcode/9153090430207898,no
45,https://wxe4c2ee8dc4bf69ec.h5.xiaoe-tech.com/giftcode/9192167711567317,no
46,https://wxe4c2ee8dc4bf69ec.h5.xiaoe-tech.com/giftcode/4715629922901980,no
47,https://wxe4c2ee8dc4bf69ec.h5.xiaoe-tech.com/giftcode/1822509614398473,no
48,https://wxe4c2ee8dc4bf69ec.h5.xiaoe-tech.com/giftcode/1887087307326237,no
49,https://wxe4c2ee8dc4bf69ec.h5.xiaoe-tech.com/giftcode/0505692845739460,no
50,https://wxe4c2ee8dc4bf69ec.h5.xiaoe-tech.com/giftcode/3483267330503983,no
51,https://wxe4c2ee8dc4bf69ec.h5.xiaoe-tech.com/giftcode/4891819377662276,no
52,https://wxe4c2ee8dc4bf69ec.h5.xiaoe-tech.com/giftcode/7690373779708643,no
53,https://wxe4c2ee8dc4bf69ec.h5.xiaoe-tech.com/giftcode/5453657323056813,no
54,https://wxe4c2ee8dc4bf69ec.h5.xiaoe-tech.com/giftcode/5138875662659194,no
55,https://wxe4c2ee8dc4bf69ec.h5.xiaoe-tech.com/giftcode/5472946286745970,no
56,https://wxe4c2ee8dc4bf69ec.h5.xiaoe-tech.com/giftcode/0188834561053999,no
57,https://wxe4c2ee8dc4bf69ec.h5.xiaoe-tech.com/giftcode/4713275043592303,no
58,https://wxe4c2ee8dc4bf69ec.h5.xiaoe-tech.com/giftcode/4812268888428412,no
59,https://wxe4c2ee8dc4bf69ec.h5.xiaoe-tech.com/giftcode/2364125550584618,no
60,https://wxe4c2ee8dc4bf69ec.h5.xiaoe-tech.com/giftcode/4317096880165297,no
61,https://wxe4c2ee8dc4bf69ec.h5.xiaoe-tech.com/giftcode/5526772388224319,no
62,https://wxe4c2ee8dc4bf69ec.h5.xiaoe-tech.com/giftcode/6367326137889865,no
63,https://wxe4c2ee8dc4bf69ec.h5.xiaoe-tech.com/giftcode/4811545427771867,no
64,https://wxe4c2ee8dc4bf69ec.h5.xiaoe-tech.com/giftcode/2345616985873427,no
65,https://wxe4c2ee8dc4bf69ec.h5.xiaoe-tech.com/giftcode/2498852120838510,no
66,https://wxe4c2ee8dc4bf69ec.h5.xiaoe-tech.com/giftcode/8664734682327690,no
67,https://wxe4c2ee8dc4bf69ec.h5.xiaoe-tech.com/giftcode/1989411719105313,no
68,https://wxe4c2ee8dc4bf69ec.h5.xiaoe-tech.com/giftcode/0888124958124126,no
69,https://wxe4c2ee8dc4bf69ec.h5.xiaoe-tech.com/giftcode/0154372563616756,no
70,https://wxe4c2ee8dc4bf69ec.h5.xiaoe-tech.com/giftcode/5346596177329689,no
71,https://wxe4c2ee8dc4bf69ec.h5.xiaoe-tech.com/giftcode/8441167793961536,no
72,https://wxe4c2ee8dc4bf69ec.h5.xiaoe-tech.com/giftcode/8834705489776564,no
73,https://wxe4c2ee8dc4bf69ec.h5.xiaoe-tech.com/giftcode/9160738768373742,no
74,https://wxe4c2ee8dc4bf69ec.h5.xiaoe-tech.com/giftcode/5863928725481130,no
75,https://wxe4c2ee8dc4bf69ec.h5.xiaoe-tech.com/giftcode/2910307991728254,no
76,https://wxe4c2ee8dc4bf69ec.h5.xiaoe-tech.com/giftcode/0179457612523836,no
77,https://wxe4c2ee8dc4bf69ec.h5.xiaoe-tech.com/giftcode/8561631549831372,no
78,https://wxe4c2ee8dc4bf69ec.h5.xiaoe-tech.com/giftcode/5520197312551919,no
79,https://wxe4c2ee8dc4bf69ec.h5.xiaoe-tech.com/giftcode/5711136625049864,no
80,https://wxe4c2ee8dc4bf69ec.h5.xiaoe-tech.com/giftcode/3855828944554659,no
81,https://wxe4c2ee8dc4bf69ec.h5.xiaoe-tech.com/giftcode/2100390845482976,no
82,https://wxe4c2ee8dc4bf69ec.h5.xiaoe-tech.com/giftcode/7727451788802555,no
83,https://wxe4c2ee8dc4bf69ec.h5.xiaoe-tech.com/giftcode/6650669013843500,no
84,https://wxe4c2ee8dc4bf69ec.h5.xiaoe-tech.com/giftcode/3388995883819466,no
85,https://wxe4c2ee8dc4bf69ec.h5.xiaoe-tech.com/giftcode/1267858096422535,no
86,https://wxe4c2ee8dc4bf69ec.h5.xiaoe-tech.com/giftcode/8138196935120781,no
87,https://wxe4c2ee8dc4bf69ec.h5.xiaoe-tech.com/giftcode/9498079943269528,no
88,https://wxe4c2ee8dc4bf69ec.h5.xiaoe-tech.com/giftcode/7668538889097906,no
89,https://wxe4c2ee8dc4bf69ec.h5.xiaoe-tech.com/giftcode/4954744187872059,no
90,https://wxe4c2ee8dc4bf69ec.h5.xiaoe-tech.com/giftcode/7183571362241316,no
91,https://wxe4c2ee8dc4bf69ec.h5.xiaoe-tech.com/giftcode/3600152920651149,no
92,https://wxe4c2ee8dc4bf69ec.h5.xiaoe-tech.com/giftcode/3328042765189242,no
93,https://wxe4c2ee8dc4bf69ec.h5.xiaoe-tech.com/giftcode/9530169366887371,no
94,https://wxe4c2ee8dc4bf69ec.h5.xiaoe-tech.com/giftcode/6907334086988408,no
95,https://wxe4c2ee8dc4bf69ec.h5.xiaoe-tech.com/giftcode/0481085744527234,no
96,https://wxe4c2ee8dc4bf69ec.h5.xiaoe-tech.com/giftcode/2426767627412593,no
97,https://wxe4c2ee8dc4bf69ec.h5.xiaoe-tech.com/giftcode/9749506042225578,no
98,https://wxe4c2ee8dc4bf69ec.h5.xiaoe-tech.com/giftcode/0947624909024053,no
99,https://wxe4c2ee8dc4bf69ec.h5.xiaoe-tech.com/giftcode/8034004536882662,no
100,https://wxe4c2ee8dc4bf69ec.h5.xiaoe-tech.com/giftcode/6102451442782221,no
101,https://wxe4c2ee8dc4bf69ec.h5.xiaoe-tech.com/giftcode/2653799068884510,no
102,https://wxe4c2ee8dc4bf69ec.h5.xiaoe-tech.com/giftcode/7232756183016329,no
103,https://wxe4c2ee8dc4bf69ec.h5.xiaoe-tech.com/giftcode/9726726315251369,no
104,https://wxe4c2ee8dc4bf69ec.h5.xiaoe-tech.com/giftcode/5013675415578768,no
105,https://wxe4c2ee8dc4bf69ec.h5.xiaoe-tech.com/giftcode/5943216378982588,no
106,https://wxe4c2ee8dc4bf69ec.h5.xiaoe-tech.com/giftcode/6922777832610206,no
107,https://wxe4c2ee8dc4bf69ec.h5.xiaoe-tech.com/giftcode/2494667357273069,no
108,https://wxe4c2ee8dc4bf69ec.h5.xiaoe-tech.com/giftcode/9826595921024196,no
109,https://wxe4c2ee8dc4bf69ec.h5.xiaoe-tech.com/giftcode/5812495967797497,no
110,https://wxe4c2ee8dc4bf69ec.h5.xiaoe-tech.com/giftcode/2148097218569435,no
111,https://wxe4c2ee8dc4bf69ec.h5.xiaoe-tech.com/giftcode/3478428105079052,no
112,https://wxe4c2ee8dc4bf69ec.h5.xiaoe-tech.com/giftcode/1902975160755008,no
113,https://wxe4c2ee8dc4bf69ec.h5.xiaoe-tech.com/giftcode/5869040001801323,no
114,https://wxe4c2ee8dc4bf69ec.h5.xiaoe-tech.com/giftcode/3352103711361447,no
115,https://wxe4c2ee8dc4bf69ec.h5.xiaoe-tech.com/giftcode/2173673792716059,no
116,https://wxe4c2ee8dc4bf69ec.h5.xiaoe-tech.com/giftcode/4115153366970452,no
117,https://wxe4c2ee8dc4bf69ec.h5.xiaoe-tech.com/giftcode/6252099927188672,no
118,https://wxe4c2ee8dc4bf69ec.h5.xiaoe-tech.com/giftcode/7989412072887313,no
119,https://wxe4c2ee8dc4bf69ec.h5.xiaoe-tech.com/giftcode/5765755937713441,no
120,https://wxe4c2ee8dc4bf69ec.h5.xiaoe-tech.com/giftcode/4218348167941176,no
121,https://wxe4c2ee8dc4bf69ec.h5.xiaoe-tech.com/giftcode/8325984352497811,no
122,https://wxe4c2ee8dc4bf69ec.h5.xiaoe-tech.com/giftcode/0294785465876644,no
123,https://wxe4c2ee8dc4bf69ec.h5.xiaoe-tech.com/giftcode/9609552177146267,no
124,https://wxe4c2ee8dc4bf69ec.h5.xiaoe-tech.com/giftcode/5512477025781131,no
125,https://wxe4c2ee8dc4bf69ec.h5.xiaoe-tech.com/giftcode/8314945616189754,no
126,https://wxe4c2ee8dc4bf69ec.h5.xiaoe-tech.com/giftcode/3777457605527945,no
127,https://wxe4c2ee8dc4bf69ec.h5.xiaoe-tech.com/giftcode/2592958120917561,no
128,https://wxe4c2ee8dc4bf69ec.h5.xiaoe-tech.com/giftcode/2487964019288741,no
129,https://wxe4c2ee8dc4bf69ec.h5.xiaoe-tech.com/giftcode/2432923222308910,no
130,https://wxe4c2ee8dc4bf69ec.h5.xiaoe-tech.com/giftcode/4973613716603016,no
131,https://wxe4c2ee8dc4bf69ec.h5.xiaoe-tech.com/giftcode/5585817040120234,no
132,https://wxe4c2ee8dc4bf69ec.h5.xiaoe-tech.com/giftcode/2188326482523788,no
133,https://wxe4c2ee8dc4bf69ec.h5.xiaoe-tech.com/giftcode/2630701212515867,no
134,https://wxe4c2ee8dc4bf69ec.h5.xiaoe-tech.com/giftcode/9553717543770553,no
135,https://wxe4c2ee8dc4bf69ec.h5.xiaoe-tech.com/giftcode/2940952187336906,no
136,https://wxe4c2ee8dc4bf69ec.h5.xiaoe-tech.com/giftcode/5692877205001633,no
137,https://wxe4c2ee8dc4bf69ec.h5.xiaoe-tech.com/giftcode/5835366249509564,no
138,https://wxe4c2ee8dc4bf69ec.h5.xiaoe-tech.com/giftcode/2670353403429864,no
139,https://wxe4c2ee8dc4bf69ec.h5.xiaoe-tech.com/giftcode/6000672178163816,no
140,https://wxe4c2ee8dc4bf69ec.h5.xiaoe-tech.com/giftcode/4968402537725472,no
141,https://wxe4c2ee8dc4bf69ec.h5.xiaoe-tech.com/giftcode/4831562243982047,no
142,https://wxe4c2ee8dc4bf69ec.h5.xiaoe-tech.com/giftcode/0154179457711535,no
143,https://wxe4c2ee8dc4bf69ec.h5.xiaoe-tech.com/giftcode/3768380729540020,no
144,https://wxe4c2ee8dc4bf69ec.h5.xiaoe-tech.com/giftcode/1752547015230693,no
145,https://wxe4c2ee8dc4bf69ec.h5.xiaoe-tech.com/giftcode/3526424720230441,no
146,https://wxe4c2ee8dc4bf69ec.h5.xiaoe-tech.com/giftcode/2947318571877710,no
147,https://wxe4c2ee8dc4bf69ec.h5.xiaoe-tech.com/giftcode/3378625828222644,no
148,https://wxe4c2ee8dc4bf69ec.h5.xiaoe-tech.com/giftcode/5828014723590604,no
149,https://wxe4c2ee8dc4bf69ec.h5.xiaoe-tech.com/giftcode/9825084266582938,no
150,https://wxe4c2ee8dc4bf69ec.h5.xiaoe-tech.com/giftcode/8678816141157197,no
151,https://wxe4c2ee8dc4bf69ec.h5.xiaoe-tech.com/giftcode/9220172738667045,no
152,https://wxe4c2ee8dc4bf69ec.h5.xiaoe-tech.com/giftcode/6145206727308378,no
153,https://wxe4c2ee8dc4bf69ec.h5.xiaoe-tech.com/giftcode/5986614090670127,no
154,https://wxe4c2ee8dc4bf69ec.h5.xiaoe-tech.com/giftcode/2725882065049734,no
155,https://wxe4c2ee8dc4bf69ec.h5.xiaoe-tech.com/giftcode/7214355361072355,no
156,https://wxe4c2ee8dc4bf69ec.h5.xiaoe-tech.com/giftcode/0708639299787135,no
157,https://wxe4c2ee8dc4bf69ec.h5.xiaoe-tech.com/giftcode/3407050770403953,no
158,https://wxe4c2ee8dc4bf69ec.h5.xiaoe-tech.com/giftcode/7624016914895149,no
159,https://wxe4c2ee8dc4bf69ec.h5.xiaoe-tech.com/giftcode/6566164878908545,no
160,https://wxe4c2ee8dc4bf69ec.h5.xiaoe-tech.com/giftcode/1691861919970467,no
161,https://wxe4c2ee8dc4bf69ec.h5.xiaoe-tech.com/giftcode/9340989768743205,no
162,https://wxe4c2ee8dc4bf69ec.h5.xiaoe-tech.com/giftcode/9978687787491160,no
163,https://wxe4c2ee8dc4bf69ec.h5.xiaoe-tech.com/giftcode/4014801599032081,no
164,https://wxe4c2ee8dc4bf69ec.h5.xiaoe-tech.com/giftcode/0697574349350065,no
165,https://wxe4c2ee8dc4bf69ec.h5.xiaoe-tech.com/giftcode/1899815816137057,no
166,https://wxe4c2ee8dc4bf69ec.h5.xiaoe-tech.com/giftcode/6552296799309050,no
167,https://wxe4c2ee8dc4bf69ec.h5.xiaoe-tech.com/giftcode/8507765827297774,no
168,https://wxe4c2ee8dc4bf69ec.h5.xiaoe-tech.com/giftcode/2265223126126725,no
169,https://wxe4c2ee8dc4bf69ec.h5.xiaoe-tech.com/giftcode/2329988250137980,no
170,https://wxe4c2ee8dc4bf69ec.h5.xiaoe-tech.com/giftcode/1553785056224576,no
171,https://wxe4c2ee8dc4bf69ec.h5.xiaoe-tech.com/giftcode/8068951553832634,no
172,https://wxe4c2ee8dc4bf69ec.h5.xiaoe-tech.com/giftcode/1989830402647416,no
173,https://wxe4c2ee8dc4bf69ec.h5.xiaoe-tech.com/giftcode/5854369898115567,no
174,https://wxe4c2ee8dc4bf69ec.h5.xiaoe-tech.com/giftcode/5464768795270345,no
175,https://wxe4c2ee8dc4bf69ec.h5.xiaoe-tech.com/giftcode/1905503595741317,no
176,https://wxe4c2ee8dc4bf69ec.h5.xiaoe-tech.com/giftcode/7815592455159511,no
177,https://wxe4c2ee8dc4bf69ec.h5.xiaoe-tech.com/giftcode/5261306264777845,no
178,https://wxe4c2ee8dc4bf69ec.h5.xiaoe-tech.com/giftcode/6601636188774899,no
179,https://wxe4c2ee8dc4bf69ec.h5.xiaoe-tech.com/giftcode/1504577114992449,no
180,https://wxe4c2ee8dc4bf69ec.h5.xiaoe-tech.com/giftcode/0416787665403305,no
181,https://wxe4c2ee8dc4bf69ec.h5.xiaoe-tech.com/giftcode/9194876015940440,no
182,https://wxe4c2ee8dc4bf69ec.h5.xiaoe-tech.com/giftcode/9667443197231280,no
183,https://wxe4c2ee8dc4bf69ec.h5.xiaoe-tech.com/giftcode/3852513772177676,no
184,https://wxe4c2ee8dc4bf69ec.h5.xiaoe-tech.com/giftcode/2437868840163066,no
185,https://wxe4c2ee8dc4bf69ec.h5.xiaoe-tech.com/giftcode/8194222054720593,no
186,https://wxe4c2ee8dc4bf69ec.h5.xiaoe-tech.com/giftcode/0208986498028697,no
187,https://wxe4c2ee8dc4bf69ec.h5.xiaoe-tech.com/giftcode/8821141689985815,no
188,https://wxe4c2ee8dc4bf69ec.h5.xiaoe-tech.com/giftcode/1241015096283261,no
189,https://wxe4c2ee8dc4bf69ec.h5.xiaoe-tech.com/giftcode/1832249148907158,no
190,https://wxe4c2ee8dc4bf69ec.h5.xiaoe-tech.com/giftcode/3004165127960581,no
191,https://wxe4c2ee8dc4bf69ec.h5.xiaoe-tech.com/giftcode/3136637117199783,no
192,https://wxe4c2ee8dc4bf69ec.h5.xiaoe-tech.com/giftcode/7888439719315229,no
193,https://wxe4c2ee8dc4bf69ec.h5.xiaoe-tech.com/giftcode/3650931103090837,no
194,https://wxe4c2ee8dc4bf69ec.h5.xiaoe-tech.com/giftcode/6151459543795089,no
195,https://wxe4c2ee8dc4bf69ec.h5.xiaoe-tech.com/giftcode/6496718848847114,no
196,https://wxe4c2ee8dc4bf69ec.h5.xiaoe-tech.com/giftcode/2757242779739626,no
197,https://wxe4c2ee8dc4bf69ec.h5.xiaoe-tech.com/giftcode/0238316894265408,no
198,https://wxe4c2ee8dc4bf69ec.h5.xiaoe-tech.com/giftcode/2654182980286547,no
199,https://wxe4c2ee8dc4bf69ec.h5.xiaoe-tech.com/giftcode/8752920873538610,no
200,https://wxe4c2ee8dc4bf69ec.h5.xiaoe-tech.com/giftcode/3754574376142610,no
201,https://wxe4c2ee8dc4bf69ec.h5.xiaoe-tech.com/giftcode/4733932678954158,no
202,https://wxe4c2ee8dc4bf69ec.h5.xiaoe-tech.com/giftcode/8123977738165379,no
203,https://wxe4c2ee8dc4bf69ec.h5.xiaoe-tech.com/giftcode/0020447137679267,no
204,https://wxe4c2ee8dc4bf69ec.h5.xiaoe-tech.com/giftcode/4813580972625326,no
205,https://wxe4c2ee8dc4bf69ec.h5.xiaoe-tech.com/giftcode/4468949226019693,no
206,https://wxe4c2ee8dc4bf69ec.h5.xiaoe-tech.com/giftcode/5071971797051215,no
207,https://wxe4c2ee8dc4bf69ec.h5.xiaoe-tech.com/giftcode/6846238509605540,no
208,https://wxe4c2ee8dc4bf69ec.h5.xiaoe-tech.com/giftcode/6125933903425572,no
209,https://wxe4c2ee8dc4bf69ec.h5.xiaoe-tech.com/giftcode/4187562659615121,no
210,https://wxe4c2ee8dc4bf69ec.h5.xiaoe-tech.com/giftcode/2472701835091816,no
211,https://wxe4c2ee8dc4bf69ec.h5.xiaoe-tech.com/giftcode/9935662259300523,no
212,https://wxe4c2ee8dc4bf69ec.h5.xiaoe-tech.com/giftcode/9957075435343413,no
213,https://wxe4c2ee8dc4bf69ec.h5.xiaoe-tech.com/giftcode/4490112606712952,no
214,https://wxe4c2ee8dc4bf69ec.h5.xiaoe-tech.com/giftcode/8098842195520764,no
215,https://wxe4c2ee8dc4bf69ec.h5.xiaoe-tech.com/giftcode/2553689746975494,no
216,https://wxe4c2ee8dc4bf69ec.h5.xiaoe-tech.com/giftcode/5833354210527169,no
217,https://wxe4c2ee8dc4bf69ec.h5.xiaoe-tech.com/giftcode/7224022591256191,no
218,https://wxe4c2ee8dc4bf69ec.h5.xiaoe-tech.com/giftcode/0253806001283980,no
219,https://wxe4c2ee8dc4bf69ec.h5.xiaoe-tech.com/giftcode/1152477380841862,no
220,https://wxe4c2ee8dc4bf69ec.h5.xiaoe-tech.com/giftcode/1259210332272183,no
221,https://wxe4c2ee8dc4bf69ec.h5.xiaoe-tech.com/giftcode/2366030939357089,no
222,https://wxe4c2ee8dc4bf69ec.h5.xiaoe-tech.com/giftcode/3396599922643476,no
223,https://wxe4c2ee8dc4bf69ec.h5.xiaoe-tech.com/giftcode/8428737121702505,no
224,https://wxe4c2ee8dc4bf69ec.h5.xiaoe-tech.com/giftcode/9924814140575334,no
225,https://wxe4c2ee8dc4bf69ec.h5.xiaoe-tech.com/giftcode/7625906224349309,no
226,https://wxe4c2ee8dc4bf69ec.h5.xiaoe-tech.com/giftcode/3241483998641088,no
227,https://wxe4c2ee8dc4bf69ec.h5.xiaoe-tech.com/giftcode/7147209453956949,no
228,https://wxe4c2ee8dc4bf69ec.h5.xiaoe-tech.com/giftcode/2817646533044931,no
229,https://wxe4c2ee8dc4bf69ec.h5.xiaoe-tech.com/giftcode/1783877316876279,no
230,https://wxe4c2ee8dc4bf69ec.h5.xiaoe-tech.com/giftcode/1978333674114425,no
231,https://wxe4c2ee8dc4bf69ec.h5.xiaoe-tech.com/giftcode/2190964032805597,no
232,https://wxe4c2ee8dc4bf69ec.h5.xiaoe-tech.com/giftcode/4658095737981244,no
233,https://wxe4c2ee8dc4bf69ec.h5.xiaoe-tech.com/giftcode/3342083311376341,no
234,https://wxe4c2ee8dc4bf69ec.h5.xiaoe-tech.com/giftcode/9909857227049583,no
235,https://wxe4c2ee8dc4bf69ec.h5.xiaoe-tech.com/giftcode/8368192305169588,no
236,https://wxe4c2ee8dc4bf69ec.h5.xiaoe-tech.com/giftcode/5884367638033961,no
237,https://wxe4c2ee8dc4bf69ec.h5.xiaoe-tech.com/giftcode/2294118279865750,no
238,https://wxe4c2ee8dc4bf69ec.h5.xiaoe-tech.com/giftcode/5449025406835548,no
239,https://wxe4c2ee8dc4bf69ec.h5.xiaoe-tech.com/giftcode/7429611400057663,no
240,https://wxe4c2ee8dc4bf69ec.h5.xiaoe-tech.com/giftcode/0021376334699177,no
241,https://wxe4c2ee8dc4bf69ec.h5.xiaoe-tech.com/giftcode/6072196207773314,no
242,https://wxe4c2ee8dc4bf69ec.h5.xiaoe-tech.com/giftcode/4367021467369135,no
243,https://wxe4c2ee8dc4bf69ec.h5.xiaoe-tech.com/giftcode/2083055023867911,no
244,https://wxe4c2ee8dc4bf69ec.h5.xiaoe-tech.com/giftcode/2793907681272535,no
245,https://wxe4c2ee8dc4bf69ec.h5.xiaoe-tech.com/giftcode/6186746985654866,no
246,https://wxe4c2ee8dc4bf69ec.h5.xiaoe-tech.com/giftcode/5695671484210566,no
247,https://wxe4c2ee8dc4bf69ec.h5.xiaoe-tech.com/giftcode/7535005851390065,no
248,https://wxe4c2ee8dc4bf69ec.h5.xiaoe-tech.com/giftcode/6613327260376034,no
249,https://wxe4c2ee8dc4bf69ec.h5.xiaoe-tech.com/giftcode/6796744268268825,no
250,https://wxe4c2ee8dc4bf69ec.h5.xiaoe-tech.com/giftcode/4388660364025361,no
251,https://wxe4c2ee8dc4bf69ec.h5.xiaoe-tech.com/giftcode/1678021603392547,no
252,https://wxe4c2ee8dc4bf69ec.h5.xiaoe-tech.com/giftcode/8264867417761482,no
253,https://wxe4c2ee8dc4bf69ec.h5.xiaoe-tech.com/giftcode/0600827960896264,no
254,https://wxe4c2ee8dc4bf69ec.h5.xiaoe-tech.com/giftcode/5283968035749570,no
255,https://wxe4c2ee8dc4bf69ec.h5.xiaoe-tech.com/giftcode/1800089698651296,no
256,https://wxe4c2ee8dc4bf69ec.h5.xiaoe-tech.com/giftcode/5894485832338030,no
257,https://wxe4c2ee8dc4bf69ec.h5.xiaoe-tech.com/giftcode/8409206292704760,no
258,https://wxe4c2ee8dc4bf69ec.h5.xiaoe-tech.com/giftcode/6651409733113422,no
259,https://wxe4c2ee8dc4bf69ec.h5.xiaoe-tech.com/giftcode/8211374292249956,no
260,https://wxe4c2ee8dc4bf69ec.h5.xiaoe-tech.com/giftcode/5070078409644862,no
261,https://wxe4c2ee8dc4bf69ec.h5.xiaoe-tech.com/giftcode/1844697610019575,no
262,https://wxe4c2ee8dc4bf69ec.h5.xiaoe-tech.com/giftcode/6556331427865597,no
263,https://wxe4c2ee8dc4bf69ec.h5.xiaoe-tech.com/giftcode/4410396497693449,no
264,https://wxe4c2ee8dc4bf69ec.h5.xiaoe-tech.com/giftcode/9953367546291165,no
265,https://wxe4c2ee8dc4bf69ec.h5.xiaoe-tech.com/giftcode/6859824791725115,no
266,https://wxe4c2ee8dc4bf69ec.h5.xiaoe-tech.com/giftcode/1784460822834590,no
267,https://wxe4c2ee8dc4bf69ec.h5.xiaoe-tech.com/giftcode/4502750767929170,no
268,https://wxe4c2ee8dc4bf69ec.h5.xiaoe-tech.com/giftcode/8642241479815819,no
269,https://wxe4c2ee8dc4bf69ec.h5.xiaoe-tech.com/giftcode/3211728498789497,no
270,https://wxe4c2ee8dc4bf69ec.h5.xiaoe-tech.com/giftcode/0403927615774967,no
271,https://wxe4c2ee8dc4bf69ec.h5.xiaoe-tech.com/giftcode/2890084061966847,no
272,https://wxe4c2ee8dc4bf69ec.h5.xiaoe-tech.com/giftcode/3402678836576258,no
273,https://wxe4c2ee8dc4bf69ec.h5.xiaoe-tech.com/giftcode/0581332051710193,no
274,https://wxe4c2ee8dc4bf69ec.h5.xiaoe-tech.com/giftcode/6963752118980561,no
275,https://wxe4c2ee8dc4bf69ec.h5.xiaoe-tech.com/giftcode/0534855362574510,no
276,https://wxe4c2ee8dc4bf69ec.h5.xiaoe-tech.com/giftcode/4732263443248868,no
277,https://wxe4c2ee8dc4bf69ec.h5.xiaoe-tech.com/giftcode/4932486112957062,no
278,https://wxe4c2ee8dc4bf69ec.h5.xiaoe-tech.com/giftcode/8040685017596180,no
279,https://wxe4c2ee8dc4bf69ec.h5.xiaoe-tech.com/giftcode/0134096225795313,no
280,https://wxe4c2ee8dc4bf69ec.h5.xiaoe-tech.com/giftcode/3649400585446256,no
281,https://wxe4c2ee8dc4bf69ec.h5.xiaoe-tech.com/giftcode/4915977135198232,no
282,https://wxe4c2ee8dc4bf69ec.h5.xiaoe-tech.com/giftcode/8722827682145719,no
283,https://wxe4c2ee8dc4bf69ec.h5.xiaoe-tech.com/giftcode/6355127478360699,no
284,https://wxe4c2ee8dc4bf69ec.h5.xiaoe-tech.com/giftcode/4122409320777973,no
285,https://wxe4c2ee8dc4bf69ec.h5.xiaoe-tech.com/giftcode/2293468241858843,no
286,https://wxe4c2ee8dc4bf69ec.h5.xiaoe-tech.com/giftcode/9654647955625467,no
287,https://wxe4c2ee8dc4bf69ec.h5.xiaoe-tech.com/giftcode/6511193612100530,no
288,https://wxe4c2ee8dc4bf69ec.h5.xiaoe-tech.com/giftcode/2959428985139815,no
289,https://wxe4c2ee8dc4bf69ec.h5.xiaoe-tech.com/giftcode/3275201323438731,no
290,https://wxe4c2ee8dc4bf69ec.h5.xiaoe-tech.com/giftcode/6801190042330594,no
291,https://wxe4c2ee8dc4bf69ec.h5.xiaoe-tech.com/giftcode/7690714048335752,no
292,https://wxe4c2ee8dc4bf69ec.h5.xiaoe-tech.com/giftcode/6537547961376214,no
293,https://wxe4c2ee8dc4bf69ec.h5.xiaoe-tech.com/giftcode/9156296770137653,no
294,https://wxe4c2ee8dc4bf69ec.h5.xiaoe-tech.com/giftcode/1916396919682832,no
295,https://wxe4c2ee8dc4bf69ec.h5.xiaoe-tech.com/giftcode/9892769560847488,no
296,https://wxe4c2ee8dc4bf69ec.h5.xiaoe-tech.com/giftcode/3956926023851171,no
297,https://wxe4c2ee8dc4bf69ec.h5.xiaoe-tech.com/giftcode/0637332941415208,no
298,https://wxe4c2ee8dc4bf69ec.h5.xiaoe-tech.com/giftcode/2651812041563373,no
299,https://wxe4c2ee8dc4bf69ec.h5.xiaoe-tech.com/giftcode/9103532947109182,no
300,https://wxe4c2ee8dc4bf69ec.h5.xiaoe-tech.com/giftcode/8446577083716546,no
301,https://wxe4c2ee8dc4bf69ec.h5.xiaoe-tech.com/giftcode/6591921493494322,no
302,https://wxe4c2ee8dc4bf69ec.h5.xiaoe-tech.com/giftcode/7693363201366823,no
303,https://wxe4c2ee8dc4bf69ec.h5.xiaoe-tech.com/giftcode/3253467392345572,no
304,https://wxe4c2ee8dc4bf69ec.h5.xiaoe-tech.com/giftcode/1755397400079303,no
305,https://wxe4c2ee8dc4bf69ec.h5.xiaoe-tech.com/giftcode/5569243166611343,no
306,https://wxe4c2ee8dc4bf69ec.h5.xiaoe-tech.com/giftcode/0994968979662707,no
307,https://wxe4c2ee8dc4bf69ec.h5.xiaoe-tech.com/giftcode/2674016772896337,no
308,https://wxe4c2ee8dc4bf69ec.h5.xiaoe-tech.com/giftcode/2222912619336318,no
309,https://wxe4c2ee8dc4bf69ec.h5.xiaoe-tech.com/giftcode/0921098817780163,no
310,https://wxe4c2ee8dc4bf69ec.h5.xiaoe-tech.com/giftcode/3952079172536616,no
311,https://wxe4c2ee8dc4bf69ec.h5.xiaoe-tech.com/giftcode/6476365532444077,no
312,https://wxe4c2ee8dc4bf69ec.h5.xiaoe-tech.com/giftcode/9300191827183350,no
313,https://wxe4c2ee8dc4bf69ec.h5.xiaoe-tech.com/giftcode/7261816240691460,no
314,https://wxe4c2ee8dc4bf69ec.h5.xiaoe-tech.com/giftcode/7709727999732330,no
315,https://wxe4c2ee8dc4bf69ec.h5.xiaoe-tech.com/giftcode/5014276783697304,no
316,https://wxe4c2ee8dc4bf69ec.h5.xiaoe-tech.com/giftcode/1148317315738134,no
317,https://wxe4c2ee8dc4bf69ec.h5.xiaoe-tech.com/giftcode/1584352189162104,no
318,https://wxe4c2ee8dc4bf69ec.h5.xiaoe-tech.com/giftcode/3526790857238570,no
319,https://wxe4c2ee8dc4bf69ec.h5.xiaoe-tech.com/giftcode/1654275167799832,no
320,https://wxe4c2ee8dc4bf69ec.h5.xiaoe-tech.com/giftcode/3690598070466277,no
321,https://wxe4c2ee8dc4bf69ec.h5.xiaoe-tech.com/giftcode/9211072749648061,no
322,https://wxe4c2ee8dc4bf69ec.h5.xiaoe-tech.com/giftcode/6512503308960649,no
323,https://wxe4c2ee8dc4bf69ec.h5.xiaoe-tech.com/giftcode/9619346843224931,no
324,https://wxe4c2ee8dc4bf69ec.h5.xiaoe-tech.com/giftcode/4530573553250759,no
325,https://wxe4c2ee8dc4bf69ec.h5.xiaoe-tech.com/giftcode/3797155598837142,no
326,https://wxe4c2ee8dc4bf69ec.h5.xiaoe-tech.com/giftcode/6831577000517100,no
327,https://wxe4c2ee8dc4bf69ec.h5.xiaoe-tech.com/giftcode/8970525414885212,no
328,https://wxe4c2ee8dc4bf69ec.h5.xiaoe-tech.com/giftcode/0445116212383481,no
329,https://wxe4c2ee8dc4bf69ec.h5.xiaoe-tech.com/giftcode/4629984023975106,no
330,https://wxe4c2ee8dc4bf69ec.h5.xiaoe-tech.com/giftcode/5427589703547461,no
331,https://wxe4c2ee8dc4bf69ec.h5.xiaoe-tech.com/giftcode/1810661890551517,no
332,https://wxe4c2ee8dc4bf69ec.h5.xiaoe-tech.com/giftcode/0445242378753374,no
333,https://wxe4c2ee8dc4bf69ec.h5.xiaoe-tech.com/giftcode/1847556462978158,no
334,https://wxe4c2ee8dc4bf69ec.h5.xiaoe-tech.com/giftcode/5938462249773425,no
335,https://wxe4c2ee8dc4bf69ec.h5.xiaoe-tech.com/giftcode/3638193813595171,no
336,https://wxe4c2ee8dc4bf69ec.h5.xiaoe-tech.com/giftcode/1195827215050203,no
337,https://wxe4c2ee8dc4bf69ec.h5.xiaoe-tech.com/giftcode/9321369495446257,no
338,https://wxe4c2ee8dc4bf69ec.h5.xiaoe-tech.com/giftcode/3521704965568507,no
339,https://wxe4c2ee8dc4bf69ec.h5.xiaoe-tech.com/giftcode/9292886831293876,no
340,https://wxe4c2ee8dc4bf69ec.h5.xiaoe-tech.com/giftcode/4081131786372351,no
341,https://wxe4c2ee8dc4bf69ec.h5.xiaoe-tech.com/giftcode/6435303616644319,no
342,https://wxe4c2ee8dc4bf69ec.h5.xiaoe-tech.com/giftcode/4905322186910426,no
343,https://wxe4c2ee8dc4bf69ec.h5.xiaoe-tech.com/giftcode/9612659815369454,no
344,https://wxe4c2ee8dc4bf69ec.h5.xiaoe-tech.com/giftcode/4697819788883143,no
345,https://wxe4c2ee8dc4bf69ec.h5.xiaoe-tech.com/giftcode/7654142305909444,no
346,https://wxe4c2ee8dc4bf69ec.h5.xiaoe-tech.com/giftcode/0318506394135663,no
347,https://wxe4c2ee8dc4bf69ec.h5.xiaoe-tech.com/giftcode/3175698747741282,no
348,https://wxe4c2ee8dc4bf69ec.h5.xiaoe-tech.com/giftcode/6012175027374917,no
349,https://wxe4c2ee8dc4bf69ec.h5.xiaoe-tech.com/giftcode/1828715283705621,no
350,https://wxe4c2ee8dc4bf69ec.h5.xiaoe-tech.com/giftcode/6337198372112293,no
351,https://wxe4c2ee8dc4bf69ec.h5.xiaoe-tech.com/giftcode/0217370207253570,no
352,https://wxe4c2ee8dc4bf69ec.h5.xiaoe-tech.com/giftcode/9170163884006946,no
353,https://wxe4c2ee8dc4bf69ec.h5.xiaoe-tech.com/giftcode/2645348310956655,no
354,https://wxe4c2ee8dc4bf69ec.h5.xiaoe-tech.com/giftcode/8359998738898260,no
355,https://wxe4c2ee8dc4bf69ec.h5.xiaoe-tech.com/giftcode/8161544753210868,no
356,https://wxe4c2ee8dc4bf69ec.h5.xiaoe-tech.com/giftcode/1270158446428126,no
357,https://wxe4c2ee8dc4bf69ec.h5.xiaoe-tech.com/giftcode/2988325868976658,no
358,https://wxe4c2ee8dc4bf69ec.h5.xiaoe-tech.com/giftcode/8380975339611983,no
359,https://wxe4c2ee8dc4bf69ec.h5.xiaoe-tech.com/giftcode/8711979659325904,no
360,https://wxe4c2ee8dc4bf69ec.h5.xiaoe-tech.com/giftcode/2942695992101049,no
361,https://wxe4c2ee8dc4bf69ec.h5.xiaoe-tech.com/giftcode/7607404097246399,no
362,https://wxe4c2ee8dc4bf69ec.h5.xiaoe-tech.com/giftcode/2318378299300807,no
363,https://wxe4c2ee8dc4bf69ec.h5.xiaoe-tech.com/giftcode/5059199062535438,no
364,https://wxe4c2ee8dc4bf69ec.h5.xiaoe-tech.com/giftcode/8472254258257332,no
365,https://wxe4c2ee8dc4bf69ec.h5.xiaoe-tech.com/giftcode/4825725451806194,no
366,https://wxe4c2ee8dc4bf69ec.h5.xiaoe-tech.com/giftcode/6669111703277601,no
367,https://wxe4c2ee8dc4bf69ec.h5.xiaoe-tech.com/giftcode/5363528036198145,no
368,https://wxe4c2ee8dc4bf69ec.h5.xiaoe-tech.com/giftcode/7049256299065170,no
369,https://wxe4c2ee8dc4bf69ec.h5.xiaoe-tech.com/giftcode/4430611083974422,no
370,https://wxe4c2ee8dc4bf69ec.h5.xiaoe-tech.com/giftcode/4617170160722527,no
371,https://wxe4c2ee8dc4bf69ec.h5.xiaoe-tech.com/giftcode/9676896636380605,no
372,https://wxe4c2ee8dc4bf69ec.h5.xiaoe-tech.com/giftcode/2134935643868138,no
373,https://wxe4c2ee8dc4bf69ec.h5.xiaoe-tech.com/giftcode/7156113486393345,no
374,https://wxe4c2ee8dc4bf69ec.h5.xiaoe-tech.com/giftcode/5704150599170568,no
375,https://wxe4c2ee8dc4bf69ec.h5.xiaoe-tech.com/giftcode/6148373246179634,no
376,https://wxe4c2ee8dc4bf69ec.h5.xiaoe-tech.com/giftcode/4395900892607284,no
377,https://wxe4c2ee8dc4bf69ec.h5.xiaoe-tech.com/giftcode/4328160622418762,no
378,https://wxe4c2ee8dc4bf69ec.h5.xiaoe-tech.com/giftcode/1581699516599433,no
379,https://wxe4c2ee8dc4bf69ec.h5.xiaoe-tech.com/giftcode/7628225449637358,no
380,https://wxe4c2ee8dc4bf69ec.h5.xiaoe-tech.com/giftcode/9405390466450888,no
381,https://wxe4c2ee8dc4bf69ec.h5.xiaoe-tech.com/giftcode/4077322829192781,no
382,https://wxe4c2ee8dc4bf69ec.h5.xiaoe-tech.com/giftcode/1865879444952836,no
383,https://wxe4c2ee8dc4bf69ec.h5.xiaoe-tech.com/giftcode/9142471662589301,no
384,https://wxe4c2ee8dc4bf69ec.h5.xiaoe-tech.com/giftcode/2760464903421891,no
385,https://wxe4c2ee8dc4bf69ec.h5.xiaoe-tech.com/giftcode/9434140876779782,no
386,https://wxe4c2ee8dc4bf69ec.h5.xiaoe-tech.com/giftcode/4429178103421341,no
387,https://wxe4c2ee8dc4bf69ec.h5.xiaoe-tech.com/giftcode/7759257014711546,no
388,https://wxe4c2ee8dc4bf69ec.h5.xiaoe-tech.com/giftcode/0661342477790108,no
389,https://wxe4c2ee8dc4bf69ec.h5.xiaoe-tech.com/giftcode/9672252490616076,no
390,https://wxe4c2ee8dc4bf69ec.h5.xiaoe-tech.com/giftcode/7371805673685774,no
391,https://wxe4c2ee8dc4bf69ec.h5.xiaoe-tech.com/giftcode/3475900906067824,no
392,https://wxe4c2ee8dc4bf69ec.h5.xiaoe-tech.com/giftcode/2050117943801544,no
393,https://wxe4c2ee8dc4bf69ec.h5.xiaoe-tech.com/giftcode/0200209279947280,no
394,https://wxe4c2ee8dc4bf69ec.h5.xiaoe-tech.com/giftcode/3415584023038589,no
395,https://wxe4c2ee8dc4bf69ec.h5.xiaoe-tech.com/giftcode/7990983782164067,no
396,https://wxe4c2ee8dc4bf69ec.h5.xiaoe-tech.com/giftcode/5720571812297095,no
397,https://wxe4c2ee8dc4bf69ec.h5.xiaoe-tech.com/giftcode/9859697419069644,no
398,https://wxe4c2ee8dc4bf69ec.h5.xiaoe-tech.com/giftcode/4650478591571431,no
399,https://wxe4c2ee8dc4bf69ec.h5.xiaoe-tech.com/giftcode/3919884975572926,no
400,https://wxe4c2ee8dc4bf69ec.h5.xiaoe-tech.com/giftcode/6861557562287500,no
401,https://wxe4c2ee8dc4bf69ec.h5.xiaoe-tech.com/giftcode/4102042808527894,no
402,https://wxe4c2ee8dc4bf69ec.h5.xiaoe-tech.com/giftcode/6552127750635630,no
403,https://wxe4c2ee8dc4bf69ec.h5.xiaoe-tech.com/giftcode/7428956932200157,no
404,https://wxe4c2ee8dc4bf69ec.h5.xiaoe-tech.com/giftcode/7108486982248646,no
405,https://wxe4c2ee8dc4bf69ec.h5.xiaoe-tech.com/giftcode/0740219531642110,no
406,https://wxe4c2ee8dc4bf69ec.h5.xiaoe-tech.com/giftcode/2286056889275646,no
407,https://wxe4c2ee8dc4bf69ec.h5.xiaoe-tech.com/giftcode/3966061377708911,no
408,https://wxe4c2ee8dc4bf69ec.h5.xiaoe-tech.com/giftcode/2072540333190564,no
409,https://wxe4c2ee8dc4bf69ec.h5.xiaoe-tech.com/giftcode/4204918786776988,no
410,https://wxe4c2ee8dc4bf69ec.h5.xiaoe-tech.com/giftcode/9604018449355999,no
411,https://wxe4c2ee8dc4bf69ec.h5.xiaoe-tech.com/giftcode/2931118086745625,no
412,https://wxe4c2ee8dc4bf69ec.h5.xiaoe-tech.com/giftcode/2203487981430423,no
413,https://wxe4c2ee8dc4bf69ec.h5.xiaoe-tech.com/giftcode/4655835603069312,no
414,https://wxe4c2ee8dc4bf69ec.h5.xiaoe-tech.com/giftcode/6160030944358583,no
415,https://wxe4c2ee8dc4bf69ec.h5.xiaoe-tech.com/giftcode/2381747888581718,no
416,https://wxe4c2ee8dc4bf69ec.h5.xiaoe-tech.com/giftcode/9789089532128050,no
417,https://wxe4c2ee8dc4bf69ec.h5.xiaoe-tech.com/giftcode/4412890776593682,no
418,https://wxe4c2ee8dc4bf69ec.h5.xiaoe-tech.com/giftcode/3724610931212726,no
419,https://wxe4c2ee8dc4bf69ec.h5.xiaoe-tech.com/giftcode/1480397153190913,no
420,https://wxe4c2ee8dc4bf69ec.h5.xiaoe-tech.com/giftcode/6482592914131393,no
421,https://wxe4c2ee8dc4bf69ec.h5.xiaoe-tech.com/giftcode/8841713254154390,no
422,https://wxe4c2ee8dc4bf69ec.h5.xiaoe-tech.com/giftcode/7833752894217146,no
423,https://wxe4c2ee8dc4bf69ec.h5.xiaoe-tech.com/giftcode/0877010652195103,no
424,https://wxe4c2ee8dc4bf69ec.h5.xiaoe-tech.com/giftcode/9367996838010570,no
425,https://wxe4c2ee8dc4bf69ec.h5.xiaoe-tech.com/giftcode/3574680102164193,no
426,https://wxe4c2ee8dc4bf69ec.h5.xiaoe-tech.com/giftcode/5614573863068772,no
427,https://wxe4c2ee8dc4bf69ec.h5.xiaoe-tech.com/giftcode/2478380302943989,no
428,https://wxe4c2ee8dc4bf69ec.h5.xiaoe-tech.com/giftcode/5940779310097720,no
429,https://wxe4c2ee8dc4bf69ec.h5.xiaoe-tech.com/giftcode/2995708828367152,no
430,https://wxe4c2ee8dc4bf69ec.h5.xiaoe-tech.com/giftcode/1939732832819011,no
431,https://wxe4c2ee8dc4bf69ec.h5.xiaoe-tech.com/giftcode/9177155348010542,no
432,https://wxe4c2ee8dc4bf69ec.h5.xiaoe-tech.com/giftcode/5723141479570799,no
433,https://wxe4c2ee8dc4bf69ec.h5.xiaoe-tech.com/giftcode/9671224615821257,no
434,https://wxe4c2ee8dc4bf69ec.h5.xiaoe-tech.com/giftcode/9700215911719618,no
435,https://wxe4c2ee8dc4bf69ec.h5.xiaoe-tech.com/giftcode/3895142290512082,no
436,https://wxe4c2ee8dc4bf69ec.h5.xiaoe-tech.com/giftcode/8830099106393486,no
437,https://wxe4c2ee8dc4bf69ec.h5.xiaoe-tech.com/giftcode/3824247242373201,no
438,https://wxe4c2ee8dc4bf69ec.h5.xiaoe-tech.com/giftcode/0310212386310184,no
439,https://wxe4c2ee8dc4bf69ec.h5.xiaoe-tech.com/giftcode/0083465999731742,no
440,https://wxe4c2ee8dc4bf69ec.h5.xiaoe-tech.com/giftcode/1634757611722562,no
441,https://wxe4c2ee8dc4bf69ec.h5.xiaoe-tech.com/giftcode/5550210117534956,no
442,https://wxe4c2ee8dc4bf69ec.h5.xiaoe-tech.com/giftcode/6904480698924650,no
443,https://wxe4c2ee8dc4bf69ec.h5.xiaoe-tech.com/giftcode/1104306481821487,no
444,https://wxe4c2ee8dc4bf69ec.h5.xiaoe-tech.com/giftcode/3918724703959451,no
445,https://wxe4c2ee8dc4bf69ec.h5.xiaoe-tech.com/giftcode/6559624432746629,no
446,https://wxe4c2ee8dc4bf69ec.h5.xiaoe-tech.com/giftcode/5473720760354871,no
447,https://wxe4c2ee8dc4bf69ec.h5.xiaoe-tech.com/giftcode/3300544961438633,no
448,https://wxe4c2ee8dc4bf69ec.h5.xiaoe-tech.com/giftcode/0177385988536240,no
449,https://wxe4c2ee8dc4bf69ec.h5.xiaoe-tech.com/giftcode/6401851575851292,no
450,https://wxe4c2ee8dc4bf69ec.h5.xiaoe-tech.com/giftcode/3606466342615021,no
451,https://wxe4c2ee8dc4bf69ec.h5.xiaoe-tech.com/giftcode/4333949697219233,no
452,https://wxe4c2ee8dc4bf69ec.h5.xiaoe-tech.com/giftcode/8303966493643968,no
453,https://wxe4c2ee8dc4bf69ec.h5.xiaoe-tech.com/giftcode/2912408381583812,no
454,https://wxe4c2ee8dc4bf69ec.h5.xiaoe-tech.com/giftcode/2162837764293876,no
455,https://wxe4c2ee8dc4bf69ec.h5.xiaoe-tech.com/giftcode/8982076881720942,no
456,https://wxe4c2ee8dc4bf69ec.h5.xiaoe-tech.com/giftcode/0059327079908776,no
457,https://wxe4c2ee8dc4bf69ec.h5.xiaoe-tech.com/giftcode/6586345262461992,no
458,https://wxe4c2ee8dc4bf69ec.h5.xiaoe-tech.com/giftcode/0424794493571237,no
459,https://wxe4c2ee8dc4bf69ec.h5.xiaoe-tech.com/giftcode/7241793327947867,no
460,https://wxe4c2ee8dc4bf69ec.h5.xiaoe-tech.com/giftcode/3810864709412889,no
461,https://wxe4c2ee8dc4bf69ec.h5.xiaoe-tech.com/giftcode/1208241421890563,no
462,https://wxe4c2ee8dc4bf69ec.h5.xiaoe-tech.com/giftcode/3832489484503404,no
463,https://wxe4c2ee8dc4bf69ec.h5.xiaoe-tech.com/giftcode/6129543751656380,no
464,https://wxe4c2ee8dc4bf69ec.h5.xiaoe-tech.com/giftcode/1226121076100157,no
465,https://wxe4c2ee8dc4bf69ec.h5.xiaoe-tech.com/giftcode/3868206713387299,no
466,https://wxe4c2ee8dc4bf69ec.h5.xiaoe-tech.com/giftcode/5256567238349813,no
467,https://wxe4c2ee8dc4bf69ec.h5.xiaoe-tech.com/giftcode/6829887020893888,no
468,https://wxe4c2ee8dc4bf69ec.h5.xiaoe-tech.com/giftcode/0455127401800036,no
469,https://wxe4c2ee8dc4bf69ec.h5.xiaoe-tech.com/giftcode/8567437645673564,no
470,https://wxe4c2ee8dc4bf69ec.h5.xiaoe-tech.com/giftcode/0191376484585853,no
471,https://wxe4c2ee8dc4bf69ec.h5.xiaoe-tech.com/giftcode/4208585942787327,no
472,https://wxe4c2ee8dc4bf69ec.h5.xiaoe-tech.com/giftcode/4298953898756381,no
473,https://wxe4c2ee8dc4bf69ec.h5.xiaoe-tech.com/giftcode/5991750177951235,no
474,https://wxe4c2ee8dc4bf69ec.h5.xiaoe-tech.com/giftcode/4243772759223138,no
475,https://wxe4c2ee8dc4bf69ec.h5.xiaoe-tech.com/giftcode/1399901781393657,no
476,https://wxe4c2ee8dc4bf69ec.h5.xiaoe-tech.com/giftcode/9917745347579951,no
477,https://wxe4c2ee8dc4bf69ec.h5.xiaoe-tech.com/giftcode/3503520334370859,no
478,https://wxe4c2ee8dc4bf69ec.h5.xiaoe-tech.com/giftcode/8775128504204818,no
479,https://wxe4c2ee8dc4bf69ec.h5.xiaoe-tech.com/giftcode/3218422866564163,no
480,https://wxe4c2ee8dc4bf69ec.h5.xiaoe-tech.com/giftcode/8480675618666840,no
481,https://wxe4c2ee8dc4bf69ec.h5.xiaoe-tech.com/giftcode/0595823489120859,no
482,https://wxe4c2ee8dc4bf69ec.h5.xiaoe-tech.com/giftcode/2498155342000410,no
483,https://wxe4c2ee8dc4bf69ec.h5.xiaoe-tech.com/giftcode/0068292093302994,no
484,https://wxe4c2ee8dc4bf69ec.h5.xiaoe-tech.com/giftcode/3935489819913023,no
485,https://wxe4c2ee8dc4bf69ec.h5.xiaoe-tech.com/giftcode/1823844787716750,no
486,https://wxe4c2ee8dc4bf69ec.h5.xiaoe-tech.com/giftcode/6951740930071312,no
487,https://wxe4c2ee8dc4bf69ec.h5.xiaoe-tech.com/giftcode/2360808786844441,no
488,https://wxe4c2ee8dc4bf69ec.h5.xiaoe-tech.com/giftcode/3021530841654787,no
489,https://wxe4c2ee8dc4bf69ec.h5.xiaoe-tech.com/giftcode/1489567336870383,no
490,https://wxe4c2ee8dc4bf69ec.h5.xiaoe-tech.com/giftcode/3158557973421292,no
491,https://wxe4c2ee8dc4bf69ec.h5.xiaoe-tech.com/giftcode/7712495854557490,no
492,https://wxe4c2ee8dc4bf69ec.h5.xiaoe-tech.com/giftcode/5590069894007034,no
493,https://wxe4c2ee8dc4bf69ec.h5.xiaoe-tech.com/giftcode/8472430976540456,no
494,https://wxe4c2ee8dc4bf69ec.h5.xiaoe-tech.com/giftcode/0470079020190448,no
495,https://wxe4c2ee8dc4bf69ec.h5.xiaoe-tech.com/giftcode/9113423298603263,no
496,https://wxe4c2ee8dc4bf69ec.h5.xiaoe-tech.com/giftcode/6447148349344734,no
497,https://wxe4c2ee8dc4bf69ec.h5.xiaoe-tech.com/giftcode/8583715602645381,no
498,https://wxe4c2ee8dc4bf69ec.h5.xiaoe-tech.com/giftcode/8299673176513962,no
